County,Region
Adair,Tulsa
Alfalfa,North Central
Atoka,South East
Beaver,North Central
Beckham,South West
Blaine,North Central
Bryan,South East
Caddo,South West
Canadian,Oklahoma City
Carter,South East
Cherokee,Tulsa
Choctaw,South East
Cimarron,North Central
Cleveland,Oklahoma City
Coal,South East
Comanche,South West
Cotton,South West
Craig,Tulsa
Creek,Tulsa
Custer,South West
Delaware,Tulsa
Dewey,North Central
Ellis,North Central
Garfield,North Central
Garvin,South East
Grady,Oklahoma City
Grant,North Central
Greer,South West
Harmon,South West
Harper,North Central
Haskell,South East
Hughes,South East
Jackson,South West
Jefferson,South West
Johnston,South East
Kay,North Central
Kingfisher,North Central
Kiowa,South West
Latimer,South East
LeFlore,South East
Lincoln,Oklahoma City
Logan,Oklahoma City
Love,South East
McClain,Oklahoma City
McCurtain,South East
McIntosh,South East
Major,North Central
Marshall,South East
Mayes,Tulsa
Murray,South East
Muskogee,Tulsa
Noble,North Central
Nowata,Tulsa
Okfuskee,Tulsa
Oklahoma,Oklahoma City
Okmulgee,Tulsa
Osage,Tulsa
Ottawa,Tulsa
Pawnee,North Central
Payne,North Central
Pittsburg,South East
Pontotoc,South East
Pottawatomie,Oklahoma City
Pushmataha,South East
Roger Mills,South West
Rogers,Tulsa
Seminole,South East
Sequoyah,Tulsa
Stephens,South West
Texas,North Central
Tillman,South West
Tulsa,Tulsa
Wagoner,Tulsa
Washington,Tulsa
Washita,South West
Woods,North Central
Woodward,North Central