topic,description
Water,"Water availability, quality and cost; household tap water; water reuse and conservation policy"
Land and environment,"Wildlife habitat and soil; land management and eastern redcedar; views on the environment and economic growth"
Energy,"The electric grid and outages; energy sources, siting and visibility; who should decide about energy development"
Infrastructure and transportation,"Roads, bridges and travel; how vulnerable infrastructure is to natural hazards and what to fund first"
Weather and climate,"Risk from, experience of and expected change in weather and climate hazards; climate change; air quality; medium-range forecasts"
Trust and decision-making,"Trust in sources of information; willingness to take part; how Oklahoma should make long-term decisions"
Politics and worldviews,"Party, ideology, political participation and cultural worldviews"
Community and well-being,"Attachment to Oklahoma; quality of life; stress; COVID-19"
Project participation,"What taking part in the survey panel has meant to respondents"
